{"cameraMode":{"drawMode":0,"name":"Shaded","section":"Shading Mode"},"sceneLighting":true,"audioPlay":false,"sceneViewState":{"m_AlwaysRefresh":true,"showFog":true,"showSkybox":true,"showFlares":true,"showImageEffects":true,"showParticleSystems":true,"showVisualEffectGraphs":true,"m_FxEnabled":true},"in2DMode":false,"pivot":{"x":-9.075416564941407,"y":13.135578155517579,"z":2.0831565856933595},"rotation":{"x":-0.33550652861595156,"y":-0.20893791317939759,"z":0.07657985389232636,"w":-0.915401041507721},"size":17.479642868041993,"orthographic":false}