{"cameraMode":{"drawMode":0,"name":"Shaded","section":"Shading Mode"},"sceneLighting":true,"audioPlay":false,"sceneViewState":{"m_AlwaysRefresh":true,"showFog":true,"showSkybox":true,"showFlares":true,"showImageEffects":true,"showParticleSystems":true,"showVisualEffectGraphs":true,"m_FxEnabled":true},"in2DMode":false,"pivot":{"x":21.296606063842775,"y":16.718233108520509,"z":7.586234092712402},"rotation":{"x":0.2626591920852661,"y":0.017966696992516519,"z":-0.004910648800432682,"w":0.9647636413574219},"size":22.654151916503908,"orthographic":false}