{"cameraMode":{"drawMode":0,"name":"Shaded","section":"Shading Mode"},"sceneLighting":true,"audioPlay":false,"sceneViewState":{"m_AlwaysRefresh":true,"showFog":true,"showSkybox":true,"showFlares":true,"showImageEffects":true,"showParticleSystems":true,"showVisualEffectGraphs":true,"m_FxEnabled":true},"in2DMode":false,"pivot":{"x":-12.697895050048829,"y":9.482226371765137,"z":-5.736847400665283},"rotation":{"x":0.6099318861961365,"y":-0.0019900279585272075,"z":0.0016499985940754414,"w":0.792730450630188},"size":56.013275146484378,"orthographic":false}