{"cameraMode":{"drawMode":0,"name":"Shaded","section":"Shading Mode"},"sceneLighting":true,"audioPlay":false,"sceneViewState":{"m_AlwaysRefresh":true,"showFog":true,"showSkybox":true,"showFlares":true,"showImageEffects":true,"showParticleSystems":true,"showVisualEffectGraphs":true,"m_FxEnabled":true},"in2DMode":false,"pivot":{"x":988.4863891601563,"y":545.9783325195313,"z":83.5548095703125},"rotation":{"x":0.04678722098469734,"y":0.02010413631796837,"z":-0.0009334288770332933,"w":0.9987578988075256},"size":460.39007568359377,"orthographic":false}