{"cameraMode":{"drawMode":0,"name":"Shaded","section":"Shading Mode"},"sceneLighting":true,"audioPlay":false,"sceneViewState":{"m_AlwaysRefresh":true,"showFog":true,"showSkybox":true,"showFlares":true,"showImageEffects":true,"showParticleSystems":true,"showVisualEffectGraphs":true,"m_FxEnabled":true},"in2DMode":false,"pivot":{"x":881.1275634765625,"y":299.58258056640627,"z":815.6117553710938},"rotation":{"x":-0.002708681859076023,"y":-0.020619375631213189,"z":0.000559731968678534,"w":0.9999493956565857},"size":1068.9754638671875,"orthographic":false}