{"cameraMode":{"drawMode":0,"name":"Shaded","section":"Shading Mode"},"sceneLighting":true,"audioPlay":false,"sceneViewState":{"m_AlwaysRefresh":true,"showFog":true,"showSkybox":true,"showFlares":true,"showImageEffects":true,"showParticleSystems":true,"showVisualEffectGraphs":true,"m_FxEnabled":true},"in2DMode":false,"pivot":{"x":-3.127746820449829,"y":4.833958148956299,"z":1.502202033996582},"rotation":{"x":0.2626591920852661,"y":0.017966696992516519,"z":-0.004910648800432682,"w":0.9647636413574219},"size":13.604269027709961,"orthographic":false}