{"cameraMode":{"drawMode":0,"name":"Shaded","section":"Shading Mode"},"sceneLighting":true,"audioPlay":false,"sceneViewState":{"m_AlwaysRefresh":true,"showFog":true,"showSkybox":true,"showFlares":true,"showImageEffects":true,"showParticleSystems":true,"showVisualEffectGraphs":true,"m_FxEnabled":true},"in2DMode":false,"pivot":{"x":5.265932083129883,"y":15.324003219604493,"z":11.000649452209473},"rotation":{"x":0.10591372847557068,"y":-0.8170620203018189,"z":0.15910738706588746,"w":0.5440284609794617},"size":10.318547248840332,"orthographic":false}